{"buildingName": "MP", "width": 1191, "height": 842, "orientation": "Landscape", "scale": 100.0, "floorNumberDetected": true, "floorNumber": 12, "rooms": [{"code": "MP.H12.044", "label": "", "x1": 208.2, "y1": 342.196038, "x2": 261.400952545782, "y2": 378.75731244171595}, {"code": "MP.H12.015", "label": "", "x1": 392.4, "y1": 384.556038, "x2": 467.06626680000005, "y2": 418.20179099999996}, {"code": "MP.H12.016", "label": "", "x1": 793.92, "y1": 381.076038, "x2": 867.8662668, "y2": 415.541613909066}, {"code": "J.M.M", "label": ". Zaal)", "x1": 983.52, "y1": 48.395886, "x2": 1077.785517, "y2": 55.962627}], "format": null}