{"buildingName": "MP", "width": 1191, "height": 842, "orientation": "Landscape", "scale": 100.0, "floorNumberDetected": true, "floorNumber": 13, "rooms": [{"code": "MP.H13.002", "label": "", "x1": 789.12, "y1": 559.1761392, "x2": 813.07903584, "y2": 583.17841584}, {"code": "MP.H13.006", "label": "", "x1": 733.8, "y1": 506.49613919999996, "x2": 758.5990358399999, "y2": 528.21841584}, {"code": "MP.H13.005", "label": "", "x1": 752.16, "y1": 408.2161392, "x2": 778.9907342399999, "y2": 427.65841584}, {"code": "J.M.M", "label": ". Zaal)", "x1": 983.52, "y1": 48.395886, "x2": 1077.785517, "y2": 55.962627}], "format": null}